"Project","Sample ID","Barcode Sequence","# Reads","Yield (Mbases)","Mean Quality Score","% Bases >= 30"
"30-412798514","M023","CGGCTATG+GTCAGTAC","39406869","11822","38.12","91.74"
"30-412798514","M009","CGGCTATG+ACGTCCTG","36306159","10892","38.14","91.81"
"30-412798514","M004","GAGATTCC+TAAGATTA","39937202","11981","38.33","92.43"
"30-412798514","M026","AGCGATAG+GTCAGTAC","36838492","11052","38.22","92.05"
"30-412798514","M012","TCTCGCGC+ACGTCCTG","36775518","11033","38","91.37"
"30-412798514","M002","TCCGGAGA+TAAGATTA","47298613","14190","38.21","92"
"30-412798514","M006","GAATTCGT+TAAGATTA","44008502","13202","38.29","92.27"
"30-412798514","M011-RESUB","TCCGGAGA+CTTCGCCT","41744299","12524","38.21","92.05"
"30-412798514","M003","CGCTCATT+TAAGATTA","44749074","13424","38.26","92.18"
"30-412798514","M025","TCTCGCGC+GTCAGTAC","39821033","11947","38.01","91.41"
"30-412798514","M001","ATTACTCG+TAAGATTA","41028992","12309","38.31","92.33"
"30-412798514","M020","CTGAAGCT+GTCAGTAC","44644380","13393","38.07","91.57"
"30-412798514","M021-RESUB","ATTACTCG+CTTCGCCT","42199084","12660","38.22","92.07"
"30-412798514","M008","TAATGCGC+TAAGATTA","46973849","14093","38.13","91.74"
"30-412798514","M016","CGCTCATT+ACGTCCTG","40498558","12149","38.13","91.8"
"30-412798514","M005","ATTCAGAA+TAAGATTA","44107707","13232","38.29","92.25"
"30-412798514","M017","GAGATTCC+ACGTCCTG","41642013","12493","38.28","92.28"
"30-412798514","M014","ATTACTCG+ACGTCCTG","36156118","10847","38.13","91.76"
"30-412798514","M024","TCCGCGAA+GTCAGTAC","39802113","11940","38.05","91.51"
"30-412798514","M022","TAATGCGC+GTCAGTAC","29831834","8949","37.96","91.19"
"30-412798514","M015","TCCGGAGA+ACGTCCTG","38390122","11518","38.05","91.49"
"30-412798514","M010","TCCGCGAA+ACGTCCTG","38476994","11544","38.06","91.55"
"30-412798514","M018","ATTCAGAA+GTCAGTAC","43402573","13021","38.15","91.82"
"30-412798514","M007","CTGAAGCT+TAAGATTA","42091093","12628","38.23","92.08"
"30-412798514","M019","GAATTCGT+GTCAGTAC","41186599","12356","38.16","91.85"
"30-412798514","M013","AGCGATAG+ACGTCCTG","33703918","10112","38.18","91.92"